{"stats":{"minecraft:mined":{"minecraft:jungle_leaves":24},"minecraft:picked_up":{"minecraft:jungle_sapling":1},"minecraft:custom":{"minecraft:jump":109,"minecraft:time_since_rest":10064,"minecraft:crouch_one_cm":580,"minecraft:sprint_one_cm":1416,"minecraft:leave_game":3,"minecraft:play_time":10064,"minecraft:time_since_death":10064,"minecraft:walk_one_cm":19275,"minecraft:sneak_time":166,"minecraft:climb_one_cm":213,"minecraft:total_world_time":10064,"minecraft:fall_one_cm":2299,"minecraft:fly_one_cm":3254}},"DataVersion":3120}